{"ic_new_layer_loss":6.939968443475664e-06,"_runtime":2993.957924,"_wandb":{"runtime":2993},"convection_zmax_grad_norm":0.5778346657752991,"res_weight":415.0743103027344,"bed_temperature_weight":509.100830078125,"res_grad_norm":0.004589891526848078,"ic_new_layer_grad_norm":0.09091705828905106,"_timestamp":1.741050311706006e+09,"_step":49900,"res_loss":1.5845134839764796e-06,"convection_zmax_loss":4.914330565952696e-05,"ic_new_layer_weight":426.8460998535156,"bed_temperature_grad_norm":0.06425412744283676,"convection_zmax_weight":40.551979064941406,"bed_temperature_loss":4.236947461322416e-06}