{"ic_new_layer_loss":0.12819242477416992,"res_loss":0.052075937390327454,"_runtime":137.901293,"ic_new_layer_grad_norm":12.97520637512207,"bed_temperature_loss":0.013505312614142895,"_timestamp":1.7410472665977302e+09,"convection_zmax_loss":309.98046875,"ic_new_layer_weight":473.90081787109375,"convection_zmax_weight":45.02500534057617,"res_grad_norm":8.97091293334961,"res_weight":459.7311706542969,"_step":1900,"convection_zmax_grad_norm":41002.171875,"_wandb":{"runtime":137},"bed_temperature_grad_norm":2.981670379638672,"bed_temperature_weight":565.19140625}